"Spotify.Streams","Spotify.Playlist.Count","YouTube.Views","YouTube.Likes","TikTok.Posts","TikTok.Views","Apple.Music.Playlist.Count","Shazam.Counts","AirPlay.Spins","Explicit.Track"
91272461,6499,16038053,569377,941900,1225345800,76,257661,181,0
124893397,3479,359896095,4907193,212500,390081328,36,191867,2188,0
69729033,2483,111310770,1724693,56600,393973528,40,63283,709,0
1215336974,129463,701880622,3831236,5416,15373104,83,3435177,40153,0
359803580,26065,369321334,1839225,720800,874056250,40,1002835,16952,1
659010786,129923,125203447,1990342,22100,107398826,87,1839283,37314,1
438796949,23959,509727241,2202866,1223804,782582119,56,865444,60758,0
77757035,3407,100148771,2531168,99900,366905484,27,173263,1861,0
922010059,107189,141852059,567295,285414,811685466,106,2665347,18364,1
850810162,56104,258553384,1174349,1167300,717259721,72,1537093,39951,1
630373315,70400,50938569,246731,215433,586454750,95,1673932,83414,0
474590289,24891,577930708,1569516,136500,509287649,27,1173817,15783,0
689181455,61138,183381482,738123,213300,487440417,67,930098,32507,1
372248119,68037,86580734,1106306,77600,128182068,53,2131059,44112,1
606124553,40628,166363445,1019744,14519,29601244,80,1704574,51631,0
89362910,7377,37676729,525264,361700,476545000,52,514293,52534,1
406875019,85930,39850191,427973,1225,22689637,29,964984,4395,1
1421763497,152592,945857087,5587691,179400,225142753,91,3087489,72953,0
872148396,90726,477047694,1887642,459540,1113541743,94,1625704,46835,1
416813996,22468,115105080,2893111,77900,10072539,106,1028262,79382,1
721002940,84161,266411536,1343262,372100,752868970,47,1148958,51158,0
684204777,48370,362779953,1617493,777100,1207597707,51,1567605,4811,1
31612906,3887,6277949,171470,535464,1051026401,38,336779,1638,0
706356280,166277,172653099,1750863,32432,108461504,56,2363066,72856,1
158131138,5423,135893150,889014,142300,147200,34,833928,8,0
717849037,98440,217687654,1929598,308670,808518802,126,2076698,57673,1
837576264,102545,472335529,1511715,632917,631781362,60,2660197,65694,1
250430303,7079,16747466,251549,148000,411722900,72,188022,6243,1
682837690,155771,191823612,1853827,41044,185584934,56,3246804,2067,1
347647880,106908,30685665,405870,19100,53065653,57,861189,53527,1
1108031580,121256,765780154,4700638,222100,940630746,104,1644044,74052,1
701558859,110539,209195939,2284142,594413,1114531877,67,3204314,15726,0
521116293,24734,427625497,2560068,33444,107781205,18,988007,3852,1
403132906,103255,42319491,564712,8436,139973656,37,1911147,417,1
598006591,35842,415255950,1480134,916093,1108602382,32,2336296,26180,0
1136504636,152157,154143867,2307573,515601,1306972284,65,1892741,8306,0
214598468,66613,145094088,2568642,8397,35469076,21,736604,5633,1
684853927,42893,547937715,1638787,1100030,1162186778,45,1654594,14160,1
1615274494,203617,515463883,6471385,59900,100843174,37,2026025,1088,1
675865902,23181,130563278,4183405,308567,628043802,37,1220942,62294,0
29458027,2602,8529869,225779,439200,87680200,9,2085595,132,0
394381902,22919,805683907,2076505,998663,847830213,24,1353588,25712,0
350584176,79228,32342535,452857,638,11627298,19,776386,1239,1
732652170,217189,247680355,2184804,264300,711702658,67,2095961,3965,1
176290078,13470,6018651,140562,61889,263955300,99,485935,16680,0
77212437,4083,7658766,246884,472,1423956,52,39163,238,0
153364964,29300,32239845,576013,534000,749015170,33,1458037,48625,1
179565178,40225,41976731,479163,273400,451763725,54,2788317,5615,1
224429894,17159,250897173,2121068,545900,456323777,8,921762,1966,1
637325281,142076,25776208,246133,12122,58477615,35,3359877,2,1
318567928,42351,313180496,1792729,263600,797526303,43,857885,16430,1
1615353665,219797,130721152,1378012,329183,294545167,37,3146346,610,1
29994527,1665,39678645,1520092,38704,5347400,12,69265,1664,0
5917083,1348,1541922,39879,21800,53279473,45,196937,12,0
731933924,186835,534384489,4951977,393517,173278256,40,1966253,1919,1
858059276,181654,464768581,3626173,732132,417831392,46,2592470,31276,1
891578597,134151,121756122,612540,428919,536850823,78,1548284,8,0
629102459,31206,317295184,924600,969500,404330162,45,1252595,46179,1
944833760,84300,442672273,1382190,712759,1137735925,58,1105660,35382,0
78227549,10811,18048583,346316,1827,5400000,59,1712744,604,0
811700245,195603,168936854,1450642,321061,752325431,39,925014,5018,1
210385853,5179,18713330,225439,46800,65541536,92,84774,3721,1
313693195,92838,31625039,372407,7369,32670713,17,809119,232,1
885756212,212406,226717718,2205890,340101,200329006,46,1642067,12382,1
415699405,131562,120716253,1505981,71800,459919455,37,1781022,59291,1
1156060152,189320,402381959,5703867,71568,153710600,31,3142956,13034,1
8757910,1184,3466744,141011,9478,25443365,51,57091,220,1
395167576,135307,117364602,803990,31391,66661123,31,1076988,1129,1
218291402,10974,687030830,4823376,473000,568124616,27,267470,2038,0
337650898,44292,226249916,862952,241103,505139679,59,1434689,66673,0
901486450,157381,419337114,4349040,491431,482804184,30,1303125,22361,1
361219290,34991,319150330,1101883,710900,947077415,13,654350,17927,0
513353284,73253,91324061,1419414,42282,152008937,70,3754332,30184,0
427247328,42444,547409394,3332851,333197,275273861,38,1177588,41880,0
470659154,53386,143805714,2019310,307562,1220529181,68,1637333,4,1
111170278,12493,50014053,797138,91200,34861500,27,178197,9467,0
323657766,28785,373726087,2491193,416201,623071891,9,2690874,2712,1
198043685,11991,203832651,2922155,43265,442468610,26,261344,2805,0
253455087,45343,71940311,1117686,19800,96982970,32,554474,23982,1
57374288,10723,10657679,209937,56800,9200000,37,241004,19728,1
502536183,37578,151406654,886902,380400,866457165,40,591279,2639,1
363816146,16161,189158687,768324,64160,114779266,24,711146,843,1
248749251,103369,318002064,2874323,162900,142448123,44,856723,6912,1
202169670,54946,4800069,76129,3206,26954111,29,791868,156,1
212122034,61462,49794673,997193,117000,555529368,78,1510651,19909,0
98795736,8721,236734405,1554966,614600,319127773,8,312223,31,1
819136167,220374,173633158,1399290,66599,327393753,67,1942002,60,1
221287566,20975,291073034,1012209,86600,131877555,7,465957,9014,0
161280933,17882,289561672,967949,459808,348308009,6,214253,7238,0
674025091,51522,323942993,1575190,452800,1294755383,34,967374,907,1
700122551,99936,1036334853,4939844,153600,363627962,81,2128888,32445,0
17310258,1840,43892777,368031,199600,1314113353,20,77101,744,0
167977668,24101,38901823,551972,53900,13158593,29,819021,50200,1
716829483,99063,131057530,1300009,46605,348775704,59,1521416,43702,1
3475009,328,3869518,43717,998000,50840,7,286125,244,0
75152048,8540,386890237,4145747,969,1152931,2,1154213,709,0
117717973,20157,198045947,1142920,1101758,409104776,56,1696007,3019,0
175336290,8386,44458370,1448800,225,3842071,46,209987,4569,1
142141861,22711,142319744,819805,946028,403681891,37,3570846,81612,1
279667395,23583,93707680,1139367,316771,1178951518,29,435036,4596,0
432988420,32294,194658217,1261625,633280,750998497,35,1407776,22768,0
8893883,1745,238585397,1478754,59100,1640900,8,3415610,4579,0
497832707,156669,265905159,2363958,171287,644816718,30,1146823,939,1
817933263,104636,658407296,4541248,877700,870762842,105,2894166,51363,0
66101468,3693,4252419,117031,180,11200000,45,52008,195,0
159181956,29011,159092284,820029,12100,37717213,38,3454084,29970,1
114381380,15725,230252306,1606934,286300,613717046,33,270400,507,0
724772954,76821,395704504,1556356,86775,237386912,59,956990,28567,1
154592041,10814,161998287,2825345,184200,430312931,7,279165,3470,0
444934033,141088,411628542,2868681,191154,238372502,63,1925871,65318,1
333899135,24862,180084509,900128,152867,704890346,14,967858,2919,1
184441175,17845,109532952,635058,193100,529217516,55,400818,34836,0
806918358,152298,105278538,1053733,40106,251896836,22,2322363,2409,0
240161044,22270,164645464,1308408,503900,257922639,40,614971,24578,0
246224964,23436,147798315,492303,559400,278318607,22,585523,1401,1
356685934,88034,56086730,430375,76706,229937284,37,1574072,412,1
368256958,53922,69276606,1394619,224617,772554264,27,1011059,8642,0
131938548,5913,118669957,649548,836833,589093596,10,684079,7049,0
497682165,40368,143949357,729741,236300,824220151,48,616368,1643,1
253114498,111173,42397563,402014,188128,887138394,57,2091080,67376,0
19388370,1341,19658783,136351,871174,441343495,1,42410,1370,0
130709283,12585,248099324,859237,682,3169042,8,555880,25990,0
210712407,24033,379884934,1091380,575300,793158034,8,261474,6145,0
196369387,70723,26280803,447983,47600,141407787,14,310132,89,1
443093379,35995,273852759,1690512,625126,600184949,58,1174788,52189,1
338097605,85480,54214841,680291,47215,117839587,14,664273,63,1
600199930,66655,743954914,2817472,189200,254681143,95,1823474,45992,0
247682011,67166,81060467,925753,13500,38882669,51,1390039,3710,0
285481590,62715,40688228,817018,4427,129035232,46,808863,15660,1
183134509,12210,164326447,3483743,319200,518880479,15,345892,6316,0
423018422,23872,361813279,1727192,288613,277692228,21,609133,17320,0
652559944,170734,317320682,2195610,13434,62837382,21,1456448,36,1
203212015,36459,178302256,677453,827700,359964365,27,836117,12434,1
165347464,21942,43792907,313018,15847,7395640,18,354116,81,1
150073848,12340,232389376,1637844,70200,169068391,17,270472,455,0
641756842,80542,558812868,2887216,328394,855230861,78,2934783,438,0
786298066,204148,63403993,557514,55168,532021210,62,1938598,21505,1
187127704,18938,425484500,857540,8176,30085568,8,432240,5686,0
140356426,9363,87822276,963707,849600,1057039331,4,961258,4,0
21167612,1285,147951356,1755973,16500,70103300,5,47782,284,0
582023797,48881,293059162,1383526,1100596,805988782,26,1946266,18750,0
287724574,25460,54771296,818500,485830,469327093,47,770996,56,1
66813186,11024,75881981,409473,4842,34091093,11,395093,1245,1
459282058,67717,100210832,673502,49000,147682062,46,742228,24347,1
415752953,20588,423072409,2136310,318300,754580262,26,280389,8809,0
880781313,137341,432457883,3689786,28508,33981823,21,934193,835,1
399707517,131547,44839108,449678,1332,1130861,66,2145146,36742,1
433515672,37313,37971085,871048,236657,839351640,73,706445,12873,1
155648648,28131,27758776,286628,44222,7609548,20,479173,23720,1
218340846,30667,223159269,879627,225600,876147905,20,744536,23591,1
1388024799,219410,583707677,4328247,103265,236970860,133,3356112,7534,0
234215735,20419,189170317,1734442,98128,297802502,24,248138,2619,0
152487756,26763,91266986,531703,22360,7708938,33,783303,45802,0
142574143,72496,16368063,168658,80897,264112132,90,845300,25565,1
701919939,105247,560364244,2647485,26200,74137126,85,1404755,14824,1
259807712,30605,9545403,163045,73845,538186129,41,1027616,12664,0
210195998,10723,291263121,1409361,33900,55226429,6,137611,6009,0
354097795,53606,89166241,599270,26367,107126101,64,542456,18198,1
56978899,19534,31575700,824524,1095900,641905367,3,460827,13,1
24285898,8422,9750600,41196,917,1029336,1,211234,104,1
310562790,33458,113130284,482647,148600,372688472,55,841414,8643,1
166784328,15122,196927226,943630,482200,1222155154,10,173558,98,1
561645790,58561,79127644,867545,61070,220878489,64,1208187,61047,1
614603953,164722,164711656,1799801,45186,162296330,25,2194666,940,1
251442618,19913,209201810,958198,249263,541965678,23,209753,16628,0
600073400,73593,171936153,975795,181760,450971538,24,529802,15719,0
912709169,94302,410395727,3097097,75146,303742856,69,1218835,36857,1
268383799,47936,69047745,591951,23400,103169265,61,933823,39321,1
299291405,45754,59684881,1156874,37300,341762321,106,1347624,22607,1
1110994645,186456,143629586,1388832,38775,194904663,85,3561319,67860,1
418181065,67858,87097570,675742,79800,155757311,14,1272704,374,0
364325529,83638,29708407,206341,42311,16341869,15,891593,109,1
392745531,141221,96203913,1246093,44979,137477748,21,1432080,1558,1
340112388,66487,283340446,3313053,576099,132694197,28,1660493,11151,0
1306374052,213493,606402216,5432558,287303,281781468,45,1815403,113,1
831868563,93211,181498962,1237772,115200,985066343,36,1247731,30945,0
129427492,44672,10933079,80021,29740,135983684,69,663446,43488,0
222879686,26854,183254308,938331,80100,315723211,16,130095,1586,1
710319373,209136,183959519,2671075,154135,363975031,31,1537393,1582,1
535695469,188778,171889127,3367746,155446,1011224005,58,1525672,3186,1
140177107,3866,13707215,189148,18200,45866138,19,68490,2111,1
681282854,118639,186468599,1849004,36108,157362351,16,1025107,70,1
459480135,137691,94845922,710635,97707,550340528,77,1506723,1996,1
222295526,18049,110937613,675774,26622,83048,9,872796,1235,1
63142772,7213,320436,6638,7812,63352002,23,512040,22016,1
287853890,21244,267142398,1552179,98312,550080768,31,546765,1280,0
492509763,83013,420395103,3706590,144000,624633508,17,2849462,244,0
22692011,1996,51510163,439315,6538,84927420,13,516845,1909,0
368429447,46625,74049864,676666,3207,6911099,52,715485,4683,1
426936498,118020,124386115,2134071,34724,186922543,48,1452569,13141,1
252239644,24974,157154307,1031138,408410,1121997176,35,415733,692,1
318018082,41062,580242930,3471774,103897,1100134488,35,466130,2041,0
684103586,42304,125144381,583066,433800,622470844,37,764296,112,0
962546385,198786,262134097,4025958,55093,247993418,106,1242490,1834,1
347218974,34933,662346628,2983631,163723,394751759,23,1337426,9924,0
219995278,26538,25556375,392029,277500,561266399,18,757462,1072,1
568846143,38126,209204080,876672,4469,19351144,25,896673,275,0
578061816,190490,261251373,2123833,180506,259813719,28,2481910,34512,1
452087681,66494,509694751,2049523,244300,754567803,53,1414880,31265,1
511421362,37923,265678775,844731,68003,204148897,24,739587,227,1
503584339,126610,125086953,1299743,204105,126546185,14,1953038,9,1
347558532,68744,151166424,705558,99164,323188246,18,687719,18093,0
242057987,77898,39581789,457747,46710,109453452,10,999699,127,1
66843778,23455,52809148,1252936,10600,151511760,36,808129,37800,0
89701636,2561,375460772,3277504,22300,15339768,3,104287,272,0
416388749,112485,122253253,1631776,248954,940333420,27,1046790,9098,1
50955386,2952,40003695,294012,11400,40019764,40,217303,4576,0
123776123,11830,144081808,854410,135600,80775271,36,985508,2,0
122882453,11838,164469434,2120071,1,72400,8,481428,16284,1
361357607,70546,668095711,3934415,1100094,1087148231,27,767913,12106,1
169162533,9016,210403837,848450,30483,22480064,14,623417,9599,0
148677837,17100,254704259,1938875,1567,724569,21,405352,3440,0
212084990,34632,191028847,3745346,159346,543360467,15,1249929,41846,0
352955079,108705,285741830,1939019,39265,177512619,73,2091659,84880,1
1150653471,195032,822892668,6651112,909432,812215684,112,4014637,61,1
269669185,44019,29035288,608532,581320,531883271,43,1595888,10042,0
120595666,37922,73217073,1365919,19000,730008954,22,3106294,7444,1
150463218,44298,57191900,289311,98700,275361521,55,1009861,55943,0
572602278,80064,115201405,1469402,11434,104843270,53,1521109,5214,0
654941874,83163,556407060,2672779,97077,187609192,65,2646335,26498,0
72468277,10736,143446620,1074996,578162,1060502179,10,257725,2373,0
88072335,6388,70685035,1063539,434100,825658316,14,859637,207,0
57370965,7149,215435066,698761,203800,297307993,8,714127,10610,0
777305444,47435,97902815,1779726,219236,937766809,63,1124725,31306,1
100830964,24220,48323636,580854,1093,32857211,79,1015276,45835,0
511726944,74845,182250623,931096,91068,193905770,15,596476,12969,0
581220786,115125,365678540,2841760,80,98210,94,1739069,1992,1
1165398518,16425,139608215,4239579,20340,25133495,20,830091,7682,0
308738277,38674,77532151,1140208,772763,1174579945,29,759382,1879,1
269067890,20356,256133933,2369761,103447,473159481,34,523507,4050,0
432885913,51912,321888868,1818193,575000,1232405599,14,901897,2673,1
253540951,82934,22665894,368326,144311,494336128,17,508529,1,1
301396080,23886,85636375,455525,133500,232731548,7,728319,66,1
154018930,23281,107103779,554779,116800,207698391,13,477640,63,1
112624663,43943,23464236,338591,6483,39562107,53,781033,75872,1
174583156,28303,160585664,1054820,40600,181541988,20,183816,17,0
959078765,142939,402582220,5401876,1310523,955370530,23,3685380,24,1
264048274,62386,170657868,1096724,730640,377028109,89,2763102,30156,0
266560481,31680,40534712,139755,47800,103569548,26,357979,31216,0
94518210,5151,280887419,2258912,85339,100368952,6,185739,301,0
169074195,77071,121560768,904837,79231,214484764,27,1161965,68575,1
990189999,120639,354318464,2521106,183400,229672086,134,1742777,34273,0
309329645,30705,368079858,1155888,186700,375768071,6,1175463,4,0
111124873,35929,103077029,789321,266204,291086000,64,2072597,9139,1
444613276,56678,328723503,1532631,115997,179088549,29,872227,10234,0
226576178,32219,37510571,455214,4562,92737977,31,335905,3898,1
626153696,13455,95442324,4491977,213624,335526234,7,377532,3016,0
315606874,125064,43371856,337831,138126,952538696,53,2008349,39143,0
83801298,78156,6012738,158095,28000,162010933,18,2821192,6228,0
363300065,74276,77291326,1109516,119854,352701529,36,601440,20078,0
63296147,2994,57626164,476570,182100,19883744,2,472289,7,1
349522530,23359,146063277,734128,8095,55484022,19,389913,1264,1
79871904,18919,29393085,165299,262,12375164,15,289309,1844,1
817199682,92013,741912041,6429361,260300,555577986,50,1368659,13012,0
159483318,53828,22293256,275511,2957,3252732,14,301658,160,1
729825680,155380,286183927,2353107,33462,63035109,90,2792929,65842,1
222373201,24491,31161634,637860,58124,568978171,50,556768,31410,0
499262863,156928,131002845,1651190,210388,685647449,22,3065126,272,1
357445095,30881,402629804,1360903,237800,717809876,6,686504,10,1
459476092,79169,301677718,2245842,55272,399821879,87,3574604,63710,0
133152051,55843,10008757,138349,2927,7150381,8,478358,41,1
347951927,60696,597413972,2596959,26000,91298035,78,1143010,21323,0
656416971,74344,58769088,325798,293693,1039707434,75,1394827,35346,1
784096553,80071,979304024,4295929,78500,98951834,31,1503816,7211,0
736983718,92256,97778011,619019,343800,559279404,42,1849683,20516,1
763384135,200270,182844852,1503848,1215,5371997,61,1880744,146,1
128049237,42334,66669093,735494,88738,184180412,25,847635,15193,1
245406516,75951,53569545,636003,40000,85005540,12,358116,4801,1
142131977,47009,81587375,506426,137704,274170598,10,1158542,2627,1
137071285,47247,16951175,234706,2104,5731192,9,105824,360,1
91143676,13407,31174494,570689,629,95419062,58,704867,49386,0
740261910,49852,341087439,2812967,6680,26579876,72,3721475,10652,0
21255074,1754,60877749,97240,477,5326500,2,41209,38,0
413974601,110016,157947172,1678467,1100476,438050984,9,2444154,159,1
542751537,67763,195610806,1623280,228878,803525888,28,1359456,18652,0
108133711,34390,122293855,619448,1000047,173486714,35,2409680,6133,1
253177498,83779,79370407,913062,141579,612598555,40,1006549,2011,1
97901897,49313,12456826,187457,214,540963,6,176850,28,1
237741410,39503,86652111,676137,314300,411538350,37,482221,22112,0
96289114,24566,33861736,296191,522400,1094402576,21,614711,6030,1
828103564,83834,594679967,2844786,276496,122040522,54,1837804,32,0
276026602,37445,2065849,27184,31,62794,20,843154,14487,1
81319633,7972,112905667,433853,56285,177288152,10,271450,19380,1
925747848,178435,533593108,4430967,20826,28961155,61,1677812,368,1
331775657,17727,385663277,785773,57763,45584468,12,637447,6628,0
336889834,130841,173074934,2233120,281988,1082794692,35,1037984,8361,1
211462881,15136,19719217,318628,402600,315337428,46,203500,13351,0
111155129,8444,37550792,381020,2618,5248242,61,816466,49914,0
427842597,59365,103306657,870677,21809,92071601,27,688397,11285,1
420652971,51117,680176045,2865108,1321300,490896378,67,1165902,18991,0
653352641,181583,155865473,1851789,32163,81321613,47,1299108,2096,1
221575551,30798,18831939,103053,64071,55929921,27,218001,960,0
221406245,13588,104090438,446840,327346,622671381,9,350493,6207,1
427275743,63715,340951703,3460872,288600,419613742,72,2056307,50845,1
133536914,12910,259267584,1817066,42118,236752341,29,206236,2598,0
9736339,2164,172936554,1148187,299300,377386323,4,230257,224,0
328017675,115095,160730418,2090732,12320,74601136,31,1285243,83,1
469278591,30545,386430123,2100967,357998,572889929,28,1140459,15744,0
67224922,4356,74438945,466819,385700,554979736,13,44237,341,0
551090518,146088,159774916,1105668,391,361365,47,3084343,6513,0
565296902,139124,382444699,3526955,351258,244428689,48,1233851,19932,1
242528711,57228,31286296,367511,15539,115624415,18,1224483,54682,1
70868414,32989,44841616,419069,36900,48989328,21,771945,60414,1
223634694,85051,172919874,1244703,725830,968182145,80,3394423,41200,0
719602988,64741,1040666593,3868761,33557,29561419,71,2007313,22273,0
46368950,20691,69966850,590978,43500,48621537,6,481651,1099,1
571258899,121284,180999094,2026987,66320,142353962,21,1096452,275,1
159676691,53444,328647215,2027788,431385,535066055,35,1827296,39664,0
789418331,170553,100552408,2069625,631299,1315165820,9,2230596,113,0
266623831,21962,113286216,645754,182200,206748849,26,380895,746,1
199378491,20550,206543945,1044649,15900,58160087,14,253898,11,1
435614687,40685,611062174,2855683,451172,823863869,28,969111,12073,0
340527913,50714,317404552,2187888,149,24715,30,636074,14281,0
179452105,24120,153398992,769149,33300,85169761,8,393023,81,1
170200281,40016,17596251,205907,19196,55041835,17,184546,3374,0
337709342,124013,163572008,2101899,4621,14079058,22,263734,9995,1
190497384,30799,83093258,911630,434002,1315525703,30,726899,19087,1
96328058,7107,293231902,904116,72000,59451815,16,110986,7171,0
300668168,114589,77123844,796822,214063,669672487,31,1079185,10866,1
173018759,22899,135234952,601338,99600,471119326,27,394480,525,0
5408464,2127,434324985,1056913,30500,5623037,2,640805,290,0
544564903,155782,96900581,863485,101159,482158138,81,2427675,5446,1
138403252,46111,64556961,972951,1574,1386456,14,3154736,3434,0
1638216382,181604,560326863,3997742,54414,103512905,63,3062955,19,1
137020536,70768,5945884,87803,70669,279149939,26,2815666,15563,0
756657781,127019,252239122,4118228,84134,184317399,56,3390136,9795,0
427998483,56978,647941340,3317927,1196371,420502302,37,1574049,16289,0
261261845,25570,818241698,5238973,283651,333893267,23,937662,13271,0
160163510,26131,104715948,1179825,10708,32904652,7,2351135,31402,1
991885224,101177,600051690,4073946,42606,76307093,113,1422487,11246,1
273457499,90842,13496528,220640,12342,67251486,15,379631,27,1
675082623,167727,269460083,3292285,429682,318296586,14,3195912,9,1
263851286,17657,161653032,3135324,120256,483823339,18,434604,2228,0
201638049,82200,79916576,787609,81594,128627839,14,1285204,6954,1
286016224,26565,496270574,4490255,43300,232860888,18,559921,3005,0
46431158,23723,30482110,207290,1234800,254178400,19,2164282,1812,0
257812063,24070,185512305,813988,62900,80538339,18,391732,2,1
222975417,36832,45543286,773400,803702,664995622,2,606670,1,1
262504588,19709,149083889,660503,1,939,20,657427,1140,0
706489684,169855,755884858,3716581,33905,109113917,83,2193924,797,1
584776407,77768,634293431,2732963,54400,53047506,91,1497732,10020,0
591704263,65115,179847217,1213273,120800,266064027,12,977339,6564,1
28210202,5046,31452943,243718,823103,108989284,1,350257,24023,0
344369903,66276,208397689,1732879,45015,130467912,21,811835,1354,0
580054244,72991,994008600,4660138,224269,404797553,26,2734291,7887,0
58520078,5454,123416768,976454,8035,62979168,9,143319,1452,0
170829903,97012,20734303,268271,16820,125870792,30,1386260,26450,0
304116211,21517,692863553,2439195,186881,184413760,32,701730,5957,0
238890270,27066,384799195,2963384,465300,1298188205,14,411758,4831,0
71722674,15522,25459927,162133,17628,18182823,43,952963,55349,0
304386086,69159,18632784,257442,326956,1303631045,22,651001,2174,1
351007818,105025,186297690,1709390,16973,55106493,2,713131,283,1
223211332,47584,83855008,603186,93,95067,27,940223,67360,0
508151972,68478,585332283,2893537,694200,387733644,68,1234460,10140,0
298721490,69136,162438129,1112123,4175,13981094,18,684516,1745,1
13900332,1737,65378730,231736,847700,59606925,3,24734,958,0
208410725,14238,117750348,1330374,496900,327071314,3,242339,597,0
595213841,124555,47759635,771300,206470,640679729,33,719198,1073,1
162356099,67124,27222424,253527,813201,1145039714,77,4200295,70941,0
119369458,5866,38415068,389722,43600,171858600,18,380747,8223,0
780755736,107320,89683527,493296,30301,49294071,97,1804089,39183,1
185690034,20169,653915314,6109560,26625,52219515,13,326010,1527,0
210481840,14690,209677493,2906443,95008,1027127321,29,491972,3674,0
184630078,29450,63500291,813255,66100,102841979,2,683699,4,1
420627588,104460,448194116,3160800,203312,225572938,76,1977941,80703,1
178247858,12797,104715392,352213,12100,26823518,17,415549,15249,0
432634168,31429,699174305,2537896,128548,168805311,16,1109128,5054,0
884616492,101479,211384847,2822121,94602,464412661,32,1187607,1529,0
36398813,7606,51105810,440385,42585,30427598,17,1019440,65182,0
6576855,307,66986452,456000,128600,6127,1,43588,91,0
491242756,37814,80668854,1002368,37716,77308719,57,734819,23639,1
118193328,26395,16317704,394257,230472,736463674,10,669634,342,1
534736940,54870,243635144,1460980,35000,327984369,11,751985,1066,0
340744110,34114,616701633,3072699,148099,229127001,8,1239032,3944,0
141377619,54114,20493982,566751,2021,4036849,23,387490,49738,1
440181206,87099,109575448,1082713,3157,7112170,15,391268,148,1
239288183,42084,56033826,823483,274300,206096023,34,1704066,38434,1
17080355,5909,203425864,773896,31300,33547289,17,1065042,1220,0
242519709,18760,49878848,310358,48600,79422764,10,329048,1,1
160305133,35523,51153469,760977,7354,44574455,54,437969,10192,1
4792243,518,3218219,32702,426600,67702628,16,480872,79,0
849055927,131131,464235914,3109287,79224,214959368,132,4186604,1110,1
442472374,85567,99029913,1622141,469276,437018233,7,1002168,9,1
18794730,5074,36216795,317463,921000,831341566,1,335476,639,0
582823215,115214,362990075,5824758,250470,394839659,11,3986033,79,0
135841710,22636,53263040,755107,417900,1221296456,12,404918,10927,1
242708368,24028,306925934,3817854,1937,28580589,12,452824,3655,0
163921357,36519,296510850,1746888,55925,64791187,22,806043,3894,1
726877512,145514,383840816,2770217,69287,126460343,69,3804674,1339,1
132870060,27561,27715495,361926,39700,62570724,36,393651,7685,1
495274429,128838,78671735,609580,94400,354473655,120,2916022,80857,1
503972431,90920,169044079,1342959,282700,544513130,77,2021548,25766,1
614313540,55782,978997170,4042367,55400,48469382,59,1887065,10446,1
500671737,57541,204437602,1398859,17700,66367676,12,796992,2271,0
706711575,170468,133159545,1623904,379039,1092802231,70,1400011,17736,1
253711656,26015,148812952,859486,21800,79415641,17,366772,547,1
515582705,65906,606811318,5460826,201700,348605056,51,634470,4044,0
289624210,36819,201168669,890146,348887,298398790,27,465619,10939,0
139208438,13863,13279195,355386,277600,599656685,4,1167271,2,0
137204273,42638,105245546,1284515,20400,77626486,9,633695,17229,1
159980783,17289,118381181,1270496,15519,21262061,17,215166,974,0
103132095,16094,224457485,1342976,366475,285847760,6,118786,52,0
127558523,29689,56328016,701370,9222,37060287,20,668230,52475,0
24195796,7751,513974720,3902623,32737,40801186,4,968681,1416,0
516560181,60949,110114094,814675,244400,544497354,17,340443,7220,1
682383223,115706,183898967,1760357,2489,8328967,80,2439849,4674,1
83521812,10789,127280465,489928,110443,52933390,1,97655,126,1
1225776509,135760,308365869,5355909,66101,188148281,114,1958247,32921,0
115647691,51136,215744090,1282316,812154,388440929,48,4087365,7052,0
352258962,68202,415445675,2300245,321298,425874947,43,943449,26965,1
56903153,11259,19153480,247547,80195,63874274,3,261112,90,0
461456306,39872,149557856,1484925,129190,48036714,5,1717815,65951,0
647501734,112493,447330965,3838459,514868,435082308,90,2919131,2734,1
162396159,44113,120017704,1180096,66925,276521416,24,670703,18103,0
657768560,87832,485818371,2230333,56900,48119818,93,1043955,4268,1
43921455,1924,329678889,1854891,1304,6144992,8,9589,26,0
588095934,82659,690674947,5232424,146905,613017696,59,1740273,2186,0
167885356,35425,623156045,4494258,62871,35359820,14,288490,4,1
216354398,90545,92356896,647095,27652,148927892,14,1065136,5281,1
201467069,74719,20937003,225873,21780,119899800,25,765958,1,1
141252425,15291,194066158,587390,21400,23818069,11,523400,7224,0
290154153,78735,23082946,421187,212440,914597307,8,2165418,1155,1
23649304,1089,18261218,229451,20327,1395100,5,114774,3,0
97738080,9673,105403652,1173505,93100,599706698,13,198905,1245,0
187925725,56849,132788074,1959343,86033,790515512,12,1400731,6,1
501468322,167938,145512290,2125906,65170,199737055,8,855218,2184,1
83544478,7535,106772777,296327,67500,19661922,2,80972,5020,0
893876704,86788,824238458,5274687,77115,127896618,21,1305163,816,1
402970867,78206,101938749,1029804,252850,249602373,51,745513,10,1
318340376,83638,43714392,491664,3974,11351079,36,1032548,57147,1
76305266,31142,59140995,748335,161889,159434907,8,1327579,12078,0
120054361,36872,468441213,5119403,864786,1160667367,6,2275813,19109,1
164875589,40366,124609202,2299632,23876,261238878,10,557175,577,0
49630584,7644,102074133,305216,38600,6598274,3,182499,1611,0
133353888,40696,152140804,845642,727366,614798320,43,3191942,16437,1
142817891,52177,9564773,374693,22311,134444259,30,194400,155,1
71190581,7887,127886162,447006,32200,16097834,5,412007,2245,0
261311116,21917,73174350,286276,1153,10791305,4,220819,20,1
74769930,34206,72559154,484307,50200,36415193,12,1152489,9500,0
148686610,37054,445811,5554,6040,61668626,55,740382,50791,0
172082938,15951,215719591,857582,485700,874751736,3,308507,11867,1
438511316,96233,27188286,573905,150543,434155492,4,1611142,422,0
365203093,28691,281724902,2937674,4455,49211096,25,613332,5378,0
1091185920,114997,522422864,5993528,363386,372214292,37,2223597,1112,0
335856859,27383,917170916,6108835,288416,332846214,8,973063,286,0
125056212,43939,123551829,1191440,93200,58980168,53,1524739,80954,0
190420514,39949,109102453,801125,46300,272952215,20,315999,692,1
125169958,19673,22661967,332818,6720,136718693,60,982286,43542,1
452881574,59064,30642267,285150,74165,449104323,22,884773,439,1
518477840,40921,970377956,2794007,103630,135032701,39,1164732,9614,0
949312501,152498,858285365,5419110,8535,70600246,30,2633407,482,1
285183501,28319,322857747,1566688,60681,125822489,6,411987,29,0
407015049,116527,44157454,665741,20568,59673227,30,712141,1450,1
560774282,62305,861165099,4288539,397413,216533242,38,3920740,80904,0
146680564,28883,154916805,3043720,820,1816865,8,199628,8273,0
114669893,39763,7212572,84826,16900,25286791,2,250753,2043,1
123630149,25645,18057785,239269,32270,100624699,19,761861,5021,1
70622319,4554,764803929,5521315,492,27723,3,162219,35,0
622690472,108263,261237045,2753871,5525,17207972,36,2184126,11662,0
81093233,34004,4234309,51965,17500,17415834,7,385268,401,1
190872805,102679,4804721,64070,89852,435794732,44,1617989,18922,0
308915484,18763,272892088,834521,479753,364940104,6,972534,6556,0
119141939,46323,23993631,167659,58,1318558,21,409234,2297,0
306221125,61432,635706453,4888312,126257,90607937,50,2066390,15637,1
426904285,50219,198252709,1323047,241013,679567159,15,629164,355,0
194919563,12885,459414543,1879854,60675,61427214,19,134484,9315,0
475549122,94637,259762159,2895468,139573,628509922,62,2395559,17041,1
68785555,7360,16708048,243108,187211,63753450,26,677013,74905,0
590983645,89159,744579257,4504144,266811,417482479,109,3894893,19462,1
457933102,152115,161335622,1716915,186563,521061584,29,1670342,24933,0
191425175,26630,271219300,2855968,183701,662260750,21,367613,244,0
415357981,14918,201860884,912928,399388,1171868533,8,127265,4463,0
289652584,93481,310518713,1797173,33861,40742074,35,2007348,82296,1
144801283,20979,33000813,284943,1380,7437994,18,538315,8135,1
65617109,7487,189591521,578345,291,33073512,1,101460,4559,0
428009373,99524,503301861,3383825,47897,46571795,27,2437123,47467,1
401104048,42742,458776041,3332448,1002990,718042201,82,1090144,26472,0
105178211,40300,329644,6449,6091,11685263,33,582149,4543,0
118835954,23373,29487901,386863,40400,37952552,5,399333,954,1
100186243,26116,20691770,124812,10300,28216441,41,505083,20568,0
778846570,66150,785898158,2771037,24500,18692923,37,1494647,19681,0
522143496,111477,212806984,1853709,55471,125604010,41,1797781,197,1
296674882,56660,38522238,508119,124659,366838888,16,924914,1045,0
157476564,15069,140916381,774193,13700,52545729,11,213453,2,1
185050407,30221,389574452,2043151,542800,249329094,10,198749,62,1
164804108,40909,111437165,932922,24901,50358850,20,569269,27123,1
210072827,30503,35281929,221683,54106,92174906,8,172414,2055,1
155142115,65297,54256746,737762,143228,1073599652,8,1008825,1558,1
356681497,137745,204509339,2198210,62042,200676951,26,1028060,7138,1
69208147,30635,79305809,522795,137811,226312722,28,1184458,12198,0
1367265268,135811,174911891,749591,103451,109739416,118,2785821,23126,0
28817964,1104,99108166,1733004,381005,450286431,1,49569,20,0
683247723,103554,322965834,5220826,252245,561046941,62,3637003,27799,0
227079649,35385,199523728,1291904,298000,299633568,18,252351,26,0
239669425,30426,181495900,1178870,223700,378296874,12,235905,3265,1
152289860,58113,79913960,578895,620950,546510983,79,1398310,32815,1
778459270,150813,311818843,2881524,357960,873289436,80,3559532,23868,1
403041493,62435,452234537,4763627,467766,1329875404,38,686025,630,1
91124161,12758,31715988,242939,614000,303931523,13,382697,2410,0
231745345,83611,96088327,1318047,87017,354699237,13,1068455,576,1
555631717,127984,124710525,1463633,31218,148481502,78,1141637,22583,1
1274848626,213943,267224710,2081752,49941,234589315,86,3480225,56784,0
915557792,96498,372427636,1612028,13000,69210381,86,1024927,10704,1
378668802,110916,46877855,687841,96000,658699167,6,3103353,43,1
54683202,28810,117764650,714375,73400,85578368,51,1296410,53047,1
176958728,14482,81376781,379156,9269,2498673,10,308713,2,1
209988103,30013,141919199,1514197,9195,87467392,14,429046,4506,1
547483874,59096,768753162,3000650,4927,5221834,59,2115863,9233,0
930343185,116055,280579630,3517952,451642,724117161,35,2035027,621,0
164667038,46918,902072,8290,11100,14577073,23,322313,11279,0
47296342,10429,33439568,316661,39420,37869926,10,208435,1223,1
192231633,22780,111990624,724790,9007,32536991,12,289402,64,1
44047842,8961,11326093,90929,48500,8486978,16,252283,43529,0
671310199,156377,125724257,1588850,248652,961188514,46,2471535,1514,0
327311508,31216,699298520,2643453,200001,271173077,15,1353689,6744,0
215837483,26581,306900769,1945111,227800,1027674393,3,655686,77,0
822935346,90889,659693784,6100262,992278,581871422,55,2123160,9247,0
29089538,1933,39607373,513074,2906,28210200,6,43383,156,0
28816253,1287,142222735,949673,147,34208,2,41257,2,0
306760464,23542,458931624,5675068,121090,1292286614,33,493607,4020,0
917916061,204396,182161713,2330786,41674,405647527,32,3109292,285,1
200017368,30976,35463149,219282,31143,27411983,6,503044,74959,1
254191262,68188,66231224,1090031,19580,33984850,23,555350,3925,1
199662854,70800,26734808,271645,11861,100007156,27,312418,37,1
240519561,48629,203263077,2270776,46349,313936580,13,177813,1020,1
488713982,42311,596356173,4579674,915770,712167034,88,848173,27898,0
176140377,76081,90527434,1019305,9759,12014523,36,494233,10226,1
523416171,164690,139802262,1087343,146034,223524052,14,916192,591,1
96802469,34681,10285324,247844,2052,10714123,7,69071,39,1
599547543,90475,154979267,2179826,139585,557527051,112,1075422,157,1
102510409,39218,22490105,254512,1541,8554938,6,110863,95,1
159579530,29495,113216772,1817753,21800,68969483,20,161952,2829,1
895051532,155100,619712411,5087544,161963,730346946,78,110053,18387,0
412597562,80841,209120821,1034481,54784,201664757,76,917173,17486,0
261468916,44088,8880434,54195,86609,127691196,25,481576,320,1
59964248,9504,112511884,361436,116100,77807288,4,274026,8226,0
465811322,70596,574401770,3127746,342400,196656614,42,789689,20012,1
64013323,5573,633429136,6478665,1807,4052529,2,179409,594,0
669099980,87216,213028772,2081644,771,101980300,13,1352593,4608,0
214391030,27588,301701293,1063678,315600,196090529,12,861877,29501,0
540907681,169023,281620086,1394656,29890,65403430,113,1899818,7620,1
86387703,9584,98278396,404177,757539,376919346,23,739131,20746,0
399297877,98593,113586161,1283651,17033,90781226,98,1280385,36784,1
152999496,61870,41680427,625297,29807,165647395,5,162198,67,1
445742307,68570,65247352,1302190,118871,299317588,9,2074587,2878,0
192684719,15067,253199155,1310110,224000,547404253,12,125189,2805,0
349688559,77636,66011548,699236,538219,643169528,26,771928,854,1
409394001,53657,123846563,1120466,442700,1334863571,45,526470,15971,1
283079113,15570,41149970,328843,84726,60287119,7,271176,118,0
350348521,48286,63111604,494666,117002,793536731,32,508585,27952,0
64747926,19758,30831455,515719,726042,304170641,4,434423,756,0
16327372,987,29637408,364827,5892,64226700,21,39544,291,0
391773238,34952,133887895,711785,431726,1102477168,7,840393,19,1
332175085,63085,119541325,763188,378000,866018385,37,616074,20428,1
639900946,87550,147309966,3536634,180855,774173668,41,820892,8153,1
275465440,58725,290207058,1533113,64277,53454696,30,2030167,334,1
78417212,26088,4514270,53581,4865,38589807,7,152693,374,1
359336745,67125,143505182,823971,20600,82205989,38,868434,8665,0
188309858,15111,87069499,318350,100,18855,6,422023,4,0
247386146,57298,48937559,461922,25012,119045728,21,1184981,2377,1
101706440,22195,37327301,496072,608,11568535,12,304399,893,1
58652026,19596,74399520,458583,508800,344636407,14,397215,66,1
509353753,87580,231541575,3846027,893392,842856226,45,2842135,14716,1
88499180,9715,134376601,256505,58748,291191318,16,258644,1383,0
350802342,12581,150660549,5807332,182865,494628703,5,437897,2402,1
489654759,60072,478807073,3205287,731500,491920895,92,994262,14340,0
236644328,36130,525752748,3073337,182529,329180615,56,962269,29536,1
34026239,8723,56469190,290499,1047639,391501573,23,527365,3290,0
404497617,108795,45337894,615908,20272,91838300,51,1304734,33710,0
62458329,7526,167062542,417472,11529,25252458,10,412905,18186,0
9293098,1348,19200761,262872,6015,1752700,16,294615,70306,1
83393310,32703,14159412,193138,1618,9909365,10,180040,288,1
282776356,45283,152603363,1541141,64,1672858,13,1358899,677,0
343704935,21379,208025693,659040,176878,153392985,22,206908,6760,0
168710415,16559,358805694,1890653,72000,248098853,12,182061,10771,0
93990459,8050,112494830,3245862,55727,296861046,9,182465,4542,0
106899723,23959,54351042,362313,34200,44045683,15,195030,2942,0
246425341,81509,38465606,807082,108559,342828836,5,1169011,732,1
404765225,64972,470390576,3380515,119922,561999669,36,812814,714,0
246949197,80591,62144315,935278,5645,4922539,19,209692,4210,1
589145587,130464,235289339,3294641,81149,569986027,38,3769063,12737,0
37814314,2461,21688661,208161,202354,336367149,11,117790,12642,0
172362945,25648,164304790,644688,293300,428987615,13,903938,20439,0
135465283,20671,106663098,736558,197600,500108092,20,225730,2340,1
111266488,19017,10259020,89765,5925,17703236,33,670189,45605,0
126929488,23805,11445116,165135,20254,59075543,24,485209,4372,0
68235585,10765,444569952,2796117,671,1468789,1,33174,173,0
671572185,88857,417964046,2807917,10203,26125487,70,959604,12213,1
286381494,54422,445932496,5316366,517875,1257208158,37,1435096,3999,0
54763093,15316,14737929,247838,6009,72141490,16,536845,66225,1
267241905,62950,515808378,2686256,5066,12209681,51,2065953,17239,1
143311775,42463,85239745,891585,78568,304146444,29,281032,8321,0
136169854,11506,117339013,473732,279014,567845644,4,28884,1084,0
15062636,1446,4507011,112133,1034,6372350,40,27497,258,0
550967367,65928,728468384,3473098,11200,20847094,35,1353531,3884,0
88014813,16418,53097639,393538,99500,26517142,10,541305,6432,1
181323700,71547,17510125,116193,37362,160730392,23,780420,16173,0
126296463,44782,37702345,528716,23780,70817893,22,588261,841,1
560949285,80872,298415218,1583803,267500,576560432,124,1440068,22639,0
346860422,29735,888138257,2432863,18009,73588039,32,1446419,7700,0
95747052,18521,13990236,198993,1907,9054387,29,313239,8090,0
223652808,18262,129099788,2078161,85400,705088821,29,324686,2567,0
5283089,920,7187358,56665,377,482153,2,90172,99,0
396184710,62515,656159660,2808401,712,1796651,43,1168477,8597,0
307122295,91786,31666337,395808,142300,327835388,19,1132723,3448,1
247056218,19231,41065721,1260603,139100,386594049,30,459379,21779,0
165642949,39238,13111498,338766,202400,709390008,3,328655,63,1
815243082,140617,258514568,1970363,111271,649866119,43,1328950,3857,1
238849559,26517,401770615,1536208,1275,16815994,12,885927,12312,0
181695722,14262,188904937,781510,270390,1079156243,8,567312,1645,0
281707091,40049,23447030,216253,119645,236748049,13,494628,9,1
675984633,147651,118564792,1898029,156693,882048158,8,1248383,10,0
154010050,66808,234249323,1315242,417782,729439284,38,2109482,8575,0
272051636,64633,39751949,818015,298019,1314232560,3,1447289,38,1
475820416,85784,270122797,1714650,110300,369308687,30,698305,7754,1
161172707,23604,52352229,353891,33264,140240096,48,1364052,71615,0
217919853,22687,351386257,1758940,189071,1067404078,19,143875,714,0
380367132,62939,663705750,3083081,542284,495501340,27,1389750,2027,0
233573513,67981,39331190,479798,34666,122612542,12,647093,25,1
398942581,99939,231553878,3275110,799566,1054813567,3,1102075,5,1
357054107,20864,199710937,2549362,225000,790229870,5,359205,1109,1
417311779,106485,325105642,5043313,475505,1001763796,59,3773690,1555,1
149455007,13028,185077693,990325,101800,272723903,2,53011,10,1
245384123,26925,514192282,6129641,94211,693149332,41,547626,5409,0
94359848,23027,66093104,558819,52600,13515544,37,1195281,53605,0
496344788,114433,476656319,5123098,12478,31236119,5,611475,2172,1
152546936,33014,129655800,510676,97575,54647905,32,1390093,6839,1
413743535,39980,420669522,2712590,143494,152431204,19,750571,210,0
155399041,62013,32481842,684033,21669,135832597,26,562309,53724,1
38622215,13808,16445144,247700,1894,59118842,29,1517721,61312,1
982424606,140455,123104265,916112,212758,172191863,24,2879816,42470,1
658208129,36730,83795730,757210,86657,256300464,26,334608,2505,0
631152992,82632,655475553,3056895,154600,353157722,16,1136830,1313,0
65670361,8193,96035934,736076,608500,493111688,2,467250,613,0
63748913,11841,109386782,532629,13700,4695060,4,202893,481,1
76805130,12362,62061765,290394,110539,261958744,7,972269,12888,1
402771910,128641,131360082,1357948,386586,1028129238,76,3135726,20908,0
526019789,102549,272873622,4245401,8436,21779736,16,850346,881,1
676690653,183862,69181584,992247,62163,203414980,34,1211769,9442,1
553627198,108088,293505196,3213599,79391,43552260,32,672702,298,1
500508660,31360,978838486,4506721,774300,136354987,12,1325578,5291,0
157826873,34124,33874675,706576,564,587731,5,1530751,2,1
492873992,86600,319720084,2660740,844804,1010801789,23,2325132,44994,1
112629182,13995,45525215,604580,367300,569736479,16,488961,3689,0
185042019,41058,35977202,482490,923,68670799,35,958912,78838,0
254275891,27949,326775934,1525536,65900,217432850,10,488932,15,1
88244010,2659,7381186,96742,5844,14644000,9,32559,91,0
475881575,74084,40942190,516795,11387,41147911,24,710406,232,1
545011148,69335,312775703,3080420,134588,170167441,75,3044970,40925,0
120605300,50347,116373773,1063920,316335,261974228,6,1812780,157,1
793528511,99106,318332999,2522360,191871,140058016,46,3493866,68500,0
120785398,45503,25495861,202181,24429,64940140,34,742291,62413,0
423313161,33148,597262135,2506019,18138,35488227,17,902218,6932,0
20588020,3465,179178650,649493,133700,274048028,6,161826,1323,0
651863663,122266,364860562,3465425,137815,318020837,38,3263766,34933,1
237061046,82335,47378172,923407,374,3442700,13,665891,13487,1
275416061,45154,237452601,5966974,50200,356327284,17,243094,12401,0
143528699,26295,395691039,3870422,115695,184322890,2,795577,1328,0
168963270,9329,138646834,561807,83980,90780465,7,327415,6941,0
500766243,134529,161831915,1890192,62100,22513039,21,436240,36,1
100973437,55772,14289584,264058,153000,552255188,8,443594,511,1
428787524,95178,63666862,1060419,39225,116127311,69,636078,39027,0
580941059,55176,965441155,3017656,14706,19928111,43,1613752,12413,0
253890110,22593,32342210,1238077,93504,242425753,7,221882,350,0
75979813,7579,104439157,350883,33300,60449279,2,372000,2174,0
308396120,99705,63664549,669096,258830,1204022719,16,298898,981,1
503904686,47427,1009029328,4103220,318412,979585978,26,2520475,6057,0
423439672,79149,170437339,4244477,124714,347631092,130,1144737,51953,0
212911684,22815,106041009,588756,215518,131834580,9,313441,528,1
123058600,41625,15090329,160292,12651,30233661,40,763897,19860,0
809894358,80591,622964718,4716659,18442,16464069,71,3165985,36683,0
806817589,85661,489443301,2894907,31430,131482347,116,2049245,7749,0
563326343,71108,619678799,3452638,106538,13221298,39,2360573,18970,0
91200208,31859,9615800,108288,1020,4482394,16,118882,9735,0
92158242,10988,73651632,328795,363,1349277,5,268720,1,0
116992202,44035,7745796,95181,12594,92238960,50,762785,14692,0
417078369,80390,22493718,150440,779826,1310854382,61,2963547,36058,0
395739041,34865,115349777,497323,256000,347269682,18,525859,651,1
346862697,72540,28725574,481537,60398,186623555,8,814265,156,1
23089149,7090,1508079,15100,700500,160449801,35,115557,23382,0
778269101,94041,357643934,1517496,80500,287886349,35,671048,3929,0
989672356,135409,713521813,4429142,245277,71925380,122,2883431,28008,1
166436749,48250,49886904,632581,58547,219657145,9,850249,3,1
311307250,48587,460930832,3166818,73300,275649626,38,556492,938,0
269363579,84173,3464827,61192,162,139748,14,706611,2567,0
265244748,27965,219911011,1029281,439688,837142924,29,226814,17457,0
203417763,41522,69712050,939096,624819,686244417,12,885217,18320,0
145135597,15952,226936682,537097,235860,181357126,3,486827,536,1
290735048,17734,296249830,565573,51900,91683933,25,136717,8531,0
174933335,20035,13345496,254331,1,3421698,4,810245,290,0
899431434,111427,345265852,3361539,277847,813589191,58,3585978,1116,1
139783785,44303,37874489,402994,41400,129948415,25,2203339,5116,0
86155124,34804,17603372,566251,4799,21751158,22,260921,884,1
101717995,43236,28422099,327967,63,15743,18,1196752,3843,1
1015965940,125348,530807213,3439489,515202,445032303,56,3869271,5219,1
265932119,15133,10688311,218021,57311,148790467,14,362874,6497,0
370800055,49381,130681979,909372,9631,123346772,8,336808,1209,1
58058696,20289,31124272,674922,8543,62820921,18,519567,35668,1
237619076,109634,83880421,827499,29127,121310762,68,995591,6889,1
156994096,14231,147699486,22687,15086,180459570,17,628505,3500,0
239850720,49483,137567703,1400248,494841,592960684,20,2282568,15,1
136709117,28764,5623146,62157,1046,11060327,34,1065826,17195,1
48581084,11373,35448614,206819,549399,270727164,38,1291258,3397,0
977870118,115565,122949402,1540598,177051,348624319,64,1097743,20650,0
209092342,22379,265900557,1262410,246700,200533647,6,443034,20,0
187818818,26770,291692983,1352658,154200,365176711,8,187231,2741,0
21081306,7633,375871120,962835,31931,74908911,20,1180992,1266,0
609716786,136864,280056,4102,182019,1195714328,57,3251229,2436,1
283228006,63076,169044728,998010,147165,906688195,13,696795,4039,1
242892279,50948,11099856,107229,66764,106882417,6,1544862,30,1
143421339,23431,108239669,1037417,40500,125638371,6,75108,449,0
497826683,86867,83526342,699022,100693,178226220,4,1308034,231,1
472107491,65462,221630313,1721936,121905,295962547,25,1367342,5418,0
709560621,98164,478624672,5771617,3776,19887287,48,1461359,1798,1
188131570,21455,23791636,267266,3639,13208632,3,205456,2131,0
118971684,31855,14545093,88499,1215978,169166011,53,3424214,8313,1
230129740,56091,34590747,614842,93552,369833975,13,409448,25825,0
728920951,143829,168855750,2336018,107125,313505897,75,1829791,37776,0
63607535,28203,7769494,107161,7102,21062791,6,288746,9892,1
151507054,63279,46312741,658950,4105,19198685,24,641828,53408,1
384965888,32389,174618135,3601820,107394,745435770,18,378304,4715,0
606603985,69772,411037239,3771065,220606,118448922,117,1148458,27391,0
96105220,17341,40245884,594327,253268,531122265,16,443624,2188,1
266525796,49242,195376978,1221210,1345600,1268200579,37,647891,12713,0
238841927,21346,116840454,948904,20779,75170850,25,705603,10016,0
571325612,91249,71477120,340270,50,20390,89,833419,20797,1
258464933,26029,544475392,2878528,140939,150293932,36,289070,9835,0
80772450,17494,863475923,3921294,10800,24174846,3,237885,3529,1
257661585,97161,23225337,276490,48458,187075625,102,1681335,14552,1
177731392,12908,15781241,283039,22100,20466555,53,194854,18711,0
548333714,58410,191331224,1256178,91540,256819834,35,952624,19,1
73213687,7423,132379481,1601412,66945,348717938,8,142388,626,0
331332225,63568,48857418,519822,231208,1181420700,60,1380833,22823,0
140137839,23619,22406782,129416,19912,47494771,19,157892,1377,0
134909945,52025,84020549,655144,186414,282521651,62,2366651,10146,1
502585349,64618,50100652,768251,98069,395014106,33,377249,3342,0
45526343,6003,159627251,2001280,29800,34961102,2,389827,355,0
494889776,54042,369062658,2399193,340064,308973919,72,1193044,36197,0
1101296591,84267,143962401,1331866,640459,779402493,50,909574,2616,0
104724143,33500,19688739,200663,2553,99508915,8,101264,225,1
75717094,34136,216661579,1234087,24023,50774936,42,1103585,9269,1
171728710,72794,121946777,1186806,13022,8566421,40,699585,251,1
95981326,10042,143134654,1478912,42200,69044436,9,220808,607,0
415532384,143461,182358671,2007300,47600,130747276,26,855833,1104,1
250593875,25906,565294922,2855175,171488,159172238,8,1067835,5872,0
204236514,25243,179427174,968498,171636,793805115,13,386958,24832,0
44122161,13796,54277243,469883,935300,600873369,29,1366850,7557,0
99316941,58228,5711976,91362,33703,304670358,28,604632,4799,1
693552475,148244,484191598,3735154,680593,100004969,129,3758685,479,1
69340146,4747,102713271,935435,44600,349668362,26,206249,152,0
40556347,22280,2783520,55619,904,3583492,6,1835940,11441,0
45943524,11657,42010424,494545,2149,6760,5,143251,2327,1
231346336,18615,33144121,752778,15100,73409116,9,244627,710,1
300694036,111117,118481138,809622,37293,87063670,58,986081,11369,1
201021118,64247,88574109,1615761,7308,20521498,7,576996,890,1
107659341,8465,60343754,259680,78400,47619658,8,93542,3247,0
384524938,109325,123438646,1195085,448555,290883332,50,2243715,22043,1
144493101,18536,109364201,460758,32956,58143056,18,96820,8400,0
476699016,59108,371106551,2197396,326403,201544043,77,1386076,20284,0
53809529,11521,44666270,223727,261334,327422042,19,383873,10816,0
432365949,52014,754077455,3984464,41400,34316786,23,1717726,7,0
127772228,46233,45629160,599488,65621,79443024,14,1276761,29914,0
76642740,6264,100549018,1160121,717,111352056,7,142567,907,0
43428134,4684,80614524,579330,15900,76236081,8,168055,758,0
384977271,71685,54470349,646820,99563,129310076,46,1751139,424,1
178044172,26553,104014904,542875,28364,41424590,10,130950,2,0
88138772,28324,11033927,210406,465326,1170468833,11,346539,13070,1
159880836,20120,4864924,23934,82613,53019644,15,100217,40,1
86574948,38354,39472824,473206,72010,269475247,13,650351,944,1
235609054,72440,16271248,258435,20257,25701260,46,306159,4492,1
718032755,88205,304269630,2445183,16400,59989029,75,718684,12613,1
717202437,80289,213527195,1587764,107700,253170602,57,556069,4112,1
121466936,55063,124159378,927806,25206,46858425,34,538503,8558,1
170061927,25409,16584925,164836,17300,38178869,17,363905,4363,0
76033359,12861,31829453,822171,217600,1172424744,8,719242,409,0
374553396,66679,406426712,4151817,409340,578801821,26,925687,13460,1
86564714,20203,7626020,64694,806,2191926,43,545123,24743,0
254130819,82768,268797796,3273095,39383,106366054,54,1388736,66416,1
172589732,67514,21990862,343936,128416,338747583,21,517365,33359,1
266927787,105664,39769157,574676,13989,93786735,27,627751,8377,0
153105498,29888,47288100,290046,168400,286515216,31,361203,12333,0
197477305,62497,187253,3826,3573,19317127,6,207627,58,1
563826995,75780,349516218,2323510,5875,44061028,33,1171863,1695,1
476476352,98305,780251,8207,2600,12295262,16,271088,8048,0
371463000,9688,55364757,2775274,2388,4288273,9,299318,2630,0
439281048,44726,225336788,1288065,57055,60781778,30,1750559,24352,0
129283318,9852,835213852,4972865,227900,71482445,12,200527,2080,0
331749982,109121,38053954,997774,48,93000,47,448025,15960,1
429910250,32432,60531630,1025941,400127,380293826,55,426764,1208,1
397893665,79817,290277607,3908510,572066,509242456,44,2777595,18338,0
59262518,22927,10706220,108566,64,88944,3,124136,215,1
967826246,87948,56482887,560879,1235154,41423093,121,3095923,5,1
219756697,31819,247152121,1745948,508,149298,22,128502,103,0
241291389,32449,297484348,1868447,100700,308712763,4,365242,942,0
842749499,158456,125641322,2266385,121465,342062376,68,1169198,34495,0
707551397,148441,222319540,2598192,49597,186530347,22,1508168,119,1
297150374,25519,586564510,4724003,769000,403373148,31,392074,11895,0
142352659,80632,105833149,819235,46229,129897849,96,2768798,9295,1
306952759,43759,32391738,149460,51615,101766021,8,320412,3480,0
68349764,7210,16821942,150277,4814,10013585,13,134177,1143,1
129573063,9240,124184578,417710,48700,168267163,8,236018,1653,0
283406755,35672,62279409,254008,48146,49171406,12,363648,794,0
65174919,13131,37986567,363870,733101,479919203,43,1062087,7196,0
526007719,118927,123695264,1202616,195703,705148582,27,1441297,85,1
705672746,84469,271113088,1055058,38258,124603506,79,633497,4564,1
73140012,38585,4645872,99384,20079,75770759,30,175009,1410,1
503187980,36629,857645221,2562683,32580,40522645,43,1724848,104,0
840781611,93600,32641573,335427,1010070,160655710,66,3966093,1910,0
346737588,25823,859633229,5596983,131003,141133651,26,710052,3395,0
170941932,73853,68412662,574589,27400,101411557,17,824789,38519,1
102660899,18253,32838380,323861,3233,21328128,9,208933,186,1
45382812,26937,55687483,788743,163701,53885377,4,1004688,1377,1
437825141,37050,138771397,987474,250537,550954115,17,641134,4299,1
49756092,11905,16624763,340925,5352,4372,12,65087,3566,1
124343335,25076,38371589,948608,19555,244276844,37,497479,18360,1
258337879,25049,297136479,3230400,761830,226438634,9,339861,93,1
245582383,50023,100812283,754232,28407,97281914,19,313095,5593,0
183162195,30174,45192343,634145,166309,229093751,1,469880,7,1
350427750,49991,124215789,737982,204742,569263172,15,477438,15807,0
204730798,35882,94105710,701021,153900,411286349,12,258504,4737,1
222400657,19680,399807694,5239967,113542,936285256,21,400154,3257,0
76510509,35841,11734153,115504,61,76912,30,138675,127,1
191569959,73054,55509965,448500,690,129718183,16,343759,12300,0
589832336,139494,208632840,2426614,43833,118952804,88,1800184,2371,0
401979272,80139,236719624,1667710,101915,203030554,75,1750278,15171,0
157676395,21485,5025676,28970,3492,2359449,13,118515,8672,1
84131713,9659,46945484,239851,229,28600,5,154493,3267,1
786839663,128506,369178947,2899865,115366,108771380,37,763212,17,1
315581950,56373,200961304,1909013,203539,767313472,15,346879,5092,1
312622847,59149,275292905,3116842,71000,190656582,19,515254,403,1
41059494,17144,76632734,573257,821200,1163210746,4,510815,2210,0
191918763,17921,168330437,768931,51300,63785723,6,404205,6,0
678928131,57167,775603021,5185313,272600,567535888,58,2588672,8828,0
474863499,33671,817844545,3801744,22342,21632035,28,51229,6537,0
359828344,77046,294072510,3184637,1311823,289928883,29,2142565,13007,1
185448173,32140,64774453,486024,17536,19349275,18,347852,4148,1
94152948,9693,675223784,6031429,878600,848894091,7,166731,323,0
354889332,121632,143802247,1597342,32776,91865926,53,881261,5126,1
3604452,787,7474271,69482,839100,167597754,4,216973,322,1
322757243,60278,640816810,3577858,191433,215995105,26,833830,1370,1
219619875,22109,99634133,478880,629683,513855630,4,269368,1523,0
145323071,25526,3663144,87691,272260,725884052,10,230133,67,0
92384851,21304,170892300,978438,41600,326613325,9,1926994,194,0
261261513,22264,636887969,3145041,12708,85253285,28,271492,996,0
86069322,17650,15451799,202322,27450,101213993,25,287728,34979,0
7900402,4782,146296974,819226,258850,215446483,7,998296,12,0
167840439,54445,25641544,341459,11619,52937881,6,420954,24,1
106740885,16395,4758436,46227,1657,12122087,10,432706,48065,1
479276199,61386,228278348,3170402,97508,303099826,95,1495399,34379,0
173061521,18616,53668901,343308,143900,239225982,11,604065,2,0
300082779,103366,26665548,457381,35728,259653952,25,427988,634,0
809537829,72598,372025118,5569680,193998,449615555,60,2626276,4004,1
94677649,9726,380478131,958443,28439,39716201,8,405976,3860,0
70418045,19968,39812848,590392,292327,767711351,13,519634,6994,1
210513394,16039,270821476,4018096,168012,797795448,11,432666,2036,0
320296093,42685,27153913,493000,5300,38533990,14,343605,1032,0
362756358,123477,28737121,359092,125196,374299600,13,579324,1160,1
141236846,15605,167722502,502467,47407,60945277,7,275879,7925,0
90921914,34656,4568866,49813,1115,1606512,3,81523,162,1
74934765,4740,78522265,428766,1463,1292457,8,37487,86,0
209167955,35685,35239823,777957,149730,275970237,31,186915,6565,0
126698724,18316,59317671,717944,5548,102518739,1,456679,1,1
103549505,45954,40937892,673845,10162,21878255,22,177908,3795,1
114323355,16398,97148590,542833,388748,322572081,10,352127,1999,0
65374827,33151,30059409,305484,8010,11013533,28,203363,206,1
743015700,133098,177148832,2616878,199978,1004422009,14,1821714,647,0
391087418,53386,367082304,2697123,6576,88351589,16,897314,10,1
46615691,29693,6255853,83064,250198,758814572,44,591008,15021,0
390893607,109900,94620680,974740,29802,368523039,32,927120,1122,1
216934691,65171,70627607,1101053,245749,1016363322,33,603507,8865,1
348372811,52893,106600063,684118,25900,154007395,12,400999,1956,0
207093355,33813,683691095,3379761,333046,534205330,17,361062,2393,1
216252006,55274,164171809,2843492,1195,3837839,13,565511,7264,1
197096592,36980,33253817,624663,44998,327222300,14,509357,14389,1
168211673,38142,112307349,619364,380000,687903274,40,874725,10122,1
407025386,32596,742853552,2408323,41816,16922902,31,1862363,8549,0
186233910,58393,114487705,1160464,51939,95822904,46,2989432,51359,1
658051344,128507,502542395,3470603,310468,172756577,65,3394835,4896,1
143220845,57819,17892665,186286,8535,26577093,4,333934,57,1
569767392,102907,468513022,3937324,539686,1026583434,65,3181996,715,1
260117606,92337,104323081,1049129,10100,12058693,18,1320861,1030,1
28876525,6626,22591925,181723,22448,28824932,8,102901,52,1
165916276,17423,52705822,887461,43015,92644726,6,139260,4205,0
317302250,59316,113727264,1143446,169932,286048019,63,2007712,7340,1
103722826,13322,55495034,291171,90830,81845600,16,105207,7582,0
579189526,60397,828853696,3086157,84450,158504854,34,1619550,5406,0
392674468,73288,119252275,1233579,157773,39728302,27,780444,2,1
609032900,93938,176053242,1338088,29280,38686929,27,2529532,7568,1
319737440,63731,108796209,1558911,8422,11172071,20,375289,99,1
349849639,81889,59701089,650033,96428,352584596,13,1419180,12,1
48573000,12116,10575780,130509,583,7526758,26,773165,49396,0
654828389,139540,97450066,884775,122425,86649600,75,3010996,7257,1
277094824,75966,118824965,1513533,299390,537618525,18,3474234,868,1
133039977,69577,21842375,250732,33573,241202185,17,216542,19365,1
259288333,9472,40948018,2324228,432500,503776050,36,320367,10787,0
283108875,69176,147447678,1916013,115000,1067856594,14,1365064,1,1
293361823,61096,141862016,1051171,678500,1336043098,58,717742,1054,1
63442980,10414,127252829,552569,84400,108671025,7,224773,4502,0
149986283,48038,9500978,157127,369,13195696,31,668816,11060,0
175374235,19506,236220298,1251377,32800,146435027,4,460868,104,0
509011250,72182,220773540,2241242,195726,685543612,31,3377256,9535,0
224376030,65837,67524036,880646,28152,205572867,28,581658,28104,1
135976140,41454,37952419,465940,3074,14785534,22,390413,3782,0
457252350,58811,284333103,1250573,152118,226942604,14,821584,946,0
360149048,49439,94595491,955663,32000,154135701,11,290721,681,0
67887030,5721,106807094,1208052,32698,430468374,7,170700,1289,0
995463505,139596,283348553,3003483,32188,175752903,28,3364449,283,0
231155441,33491,314218837,1831905,155,72618,22,313366,6476,0
17745591,2837,172379457,1396751,583900,749416523,6,62461,32,1
153262121,62043,105229861,923515,360974,777095126,11,631030,4605,0
89487508,7595,64767621,301091,896706,466245707,5,186834,310,0
261207310,29638,1008664592,6613034,236451,251282695,31,1577890,2716,1
415170963,57071,618739499,3018799,106464,72178937,54,882993,2681,1
261905370,42715,23316855,136558,12980,16825671,14,345080,45,0
358885100,66574,386760006,2110339,256873,384081312,35,921816,8648,1
68053989,21585,1482245,22209,7007,48264636,34,337132,273,0
331506695,116321,22151531,381423,24736,89324319,38,363790,4038,1
163400564,25380,37506561,368510,14073,107127704,75,1343247,70787,0
146988095,16234,262992730,4331524,274492,69189680,8,366308,259,1
603009543,60339,752863338,1897331,25591,33166882,33,1628610,13214,0
287897439,146593,68649223,853541,175051,855075576,74,1261710,27171,0
250112783,37790,207570990,2206717,77011,81406851,18,124505,250,0
61355849,24182,11131343,254050,5211,16120565,2,141072,276,1
190095480,35863,83772680,753857,358618,801557207,17,1258357,256,1
98301770,40539,30136123,792334,4786,19817648,4,120860,276,1
454467751,75230,35155712,250394,2,13072,18,826070,21338,0
108163942,22023,17211451,202291,12100,23664790,9,130949,5991,0
332224927,90422,33056892,353473,51790,210052450,20,722682,35,1
676451716,70317,211922060,2621667,330309,89270256,103,3705612,68308,0
86132200,50326,43654805,405433,204570,397336191,12,1548192,19437,1
94305899,11356,48837884,316446,24000,73323706,6,203793,16,1
158017957,35544,112378481,3043988,33800,227308261,8,137614,2244,0
447761883,116525,183168994,2032885,95825,367511487,57,666198,4887,0
224150665,33067,105711690,630231,330044,279699428,7,300617,648,1
143152814,37044,111536750,1932048,21064,56902607,2,172456,251,1
115581471,49847,46251839,946512,19042,93356963,16,359642,38261,1
587555589,34908,43130763,357803,77652,342958656,13,364310,1087,0
156047755,31578,13251602,156992,195434,273007809,1,252675,12,1
1135588382,132498,375823933,3028107,119383,120059618,69,2299610,30368,0
757789027,81489,144150389,1468017,177809,553360638,70,1831311,10081,0
116539504,7964,92628391,2102936,30,870565,7,220900,4506,0
46872738,21343,876122384,6497142,552680,460636179,14,1055258,14,0
104516305,16554,44535669,284688,32776,23849216,3,153036,155,0
494373634,45589,824555368,3078270,48062,40949580,35,1736972,3741,0
88771696,46086,11580205,273458,3641,13785559,3,456300,27,1
79045342,18284,34142538,565870,19430,105037367,42,994509,61153,1
752708868,62653,535764821,2159262,751220,427823320,68,2326604,16739,0
538918222,73149,992302781,6629367,260418,149188520,43,3052967,5481,0
785139012,119530,147215663,1730949,114347,594352793,23,2332983,19144,0
243931915,57909,337123245,1592106,38300,116038150,24,466416,3123,1
382565051,85310,121875542,986189,62502,123745488,55,1222113,25,0
117290821,8229,79061420,533194,220671,201566991,5,20508,715,1
224295163,24906,398036555,5248109,154492,811061720,25,339808,2581,0
122568479,33824,109752215,1100224,20900,33939631,7,365803,51518,1
304134537,57388,345512160,1952713,327887,279992648,40,872301,860,0
92536126,39798,290871758,2393255,17868,101473422,27,1464482,72653,1
200520284,32859,477774248,3156383,619224,1255331962,6,576685,1955,0
387820994,84975,292576551,2516143,108794,366572254,46,2389263,6,1
383570519,111710,25031987,409300,96178,332001686,9,914081,13,0
42115225,15081,35754905,292516,171,12150553,50,972640,3272,1
210287302,26385,312406682,1727224,352725,1043956869,17,302042,5343,0
504851489,57183,156937871,2288818,175947,763454337,43,845428,24679,0
130236751,27992,9721972,104453,21289,52127762,17,229064,7742,0
621596476,41914,761391767,3404496,127773,84607917,23,1406798,17161,0
178523233,14560,140763661,2394273,144009,697618053,11,370282,1785,0
66701855,12381,132663199,408097,59853,52142540,7,241463,2069,0
845222205,109624,108306968,2342473,196948,316355255,58,1531126,30836,0
306404848,33666,605370523,2987290,410825,56631793,47,1301119,4874,0
320136804,70340,300606606,2725053,274439,415394142,24,1552968,14504,1
242105356,25649,327705174,2907887,129582,38979215,21,1550411,48967,1
617991511,145653,100752374,1194201,98442,661984472,16,1512216,194,1
153857576,59992,77159004,877109,11005,72804876,11,577230,1803,1
161145820,46697,62678908,513962,121215,409238375,25,647249,20804,0
68990989,21556,29014150,237930,309111,240070262,53,721377,5137,1
208249257,42423,639243342,3905330,146449,111981041,78,3459196,15911,0
179475517,26160,162785261,622557,95000,32565249,2,401773,1742,1
289196126,56563,403607329,2363349,506354,758684528,72,1102746,3280,1
388986035,32035,1029205329,5258522,159489,138694370,52,3095680,17126,0
183683364,21804,67664152,3768577,259000,803916984,15,317811,7442,1
66878719,33290,2866171,33960,661,4277522,5,149968,30,1
117186345,11752,137633324,2497620,133155,580855649,11,191507,1361,0
154127881,14889,233659337,1167552,585700,1245591509,5,136448,216,1
109868838,17147,6256696,55646,2428,7034216,48,408957,52099,0
982399328,142822,578225770,3493215,60212,191313816,47,2317956,1312,1
72446983,7731,100786648,982757,29345,325517526,20,106424,1825,0
256133319,38487,515007268,2900662,357700,341404786,8,1247248,1434,0
461199840,57617,457134135,3745990,789376,170750243,14,889933,2191,1
132811353,12970,53670834,569439,516300,163703206,9,212091,4052,0
204669341,54797,49001959,441894,17568,49284460,2,288456,14,1
162996272,20521,137834966,708557,265100,72517463,5,338327,47,0
333106545,25970,982437656,2944717,81315,37754097,18,1055124,3327,0
253903241,57350,25539550,321940,101759,136052679,25,2408827,4115,1
265126606,24857,336327870,1617604,35300,92652072,14,801181,3623,1
810044838,87422,541704571,3988386,258494,1190522330,136,3225942,21318,0
164206429,49659,12484960,163647,25200,182197234,1,776674,136,0
90149537,6289,61433874,291107,17800,38602611,10,333572,23,1
68110254,5563,220238857,1027402,293100,175981880,13,71663,35,0
84890640,8746,939513536,3629985,30600,7092486,17,141007,723,0
409608018,35760,144073017,744920,121400,274609855,17,522412,30,0
59582290,3988,72157125,363308,58300,102839961,4,181211,1906,0
250828412,40989,47811498,451406,107173,158825909,47,1557518,52253,1
253540909,10383,67113019,3432701,866,5236353,4,258925,1454,0
29365536,28087,3502786,57445,13139,124006258,4,343152,2430,0
200764254,45002,217898959,1101215,21898,28799405,35,447896,2877,1
53303131,6899,78846057,671469,47600,24708801,3,88579,7,0
219841054,71843,128686770,2638466,942400,1206875855,3,1998537,9,1
75309953,34283,9963983,111125,4789,22133936,20,330883,3716,0
131981248,15020,127960114,714022,27489,33156781,8,99846,2,1
66513420,12490,15485803,395896,31322,87668727,27,356162,38078,0
32916107,13096,10840662,167538,30,20835,5,370210,56320,1
41494349,6516,267216988,1757325,73081,102354732,11,76255,1619,0
355137565,123588,45164581,408483,684467,637177334,7,1086060,154,1
256361762,54160,183409458,2721404,613379,298147047,26,747708,352,0
727014998,114135,348078879,3056099,9928,25640147,13,1122407,192,1
686323132,165691,168225696,1829885,148928,343926725,48,964881,253,1
339954855,61901,669877400,6308434,411372,215231253,14,2570303,7518,0
172558590,71478,74993454,802824,10524,80999687,49,851112,26889,1
2490826,513,2189347,14151,851300,69943676,3,224804,627,0
761038233,121158,71245011,686801,470451,131813469,129,3258289,2299,1
428271245,50261,587689921,2696020,352314,67856339,34,1097094,8014,0
146489854,12540,136400964,1361854,48800,293588190,16,227734,1218,0
989608207,89520,300627390,2508271,165697,205446459,42,1889560,4261,0
541018402,37204,35777367,911054,198468,1096877338,32,474609,6153,0
121721506,8049,136014507,557809,75400,78468779,10,426324,2442,1
595564275,93643,529533138,5465670,242500,304569731,5,1393802,115,0
66555473,16789,4641915,103677,933,14476475,19,127972,3411,0
278032053,79755,179207995,2529783,59876,170949508,58,1765806,38286,1
65157999,8260,117612168,1609669,33737,161449720,7,121995,66,0
113153819,35421,14448833,138564,8063,47272619,21,97523,63,1
315336758,79303,29058447,408335,104301,1234944902,30,1286750,5328,1
310742518,20307,811416034,2074845,96574,32767411,10,1171550,3303,0
131713257,43947,33686131,355898,33909,94823161,17,638655,36564,1
205855278,15475,78474072,419209,86628,253126168,12,594542,1187,0
56798458,7404,77968183,627912,55000,11740158,9,74830,166,0
223617742,28508,57156070,432032,13798,51766245,4,409658,40,0
162005746,11105,402093763,2902624,36624,74566411,15,268778,708,0
358055646,63452,79428378,1309138,573069,1038829201,29,761157,70,1
174165147,32542,228106838,2216911,18664,119676469,16,50042,34,1
149609501,17828,3195354,64197,16605,15160078,6,185310,645,1
259405297,46330,68379159,772098,19000,71844871,49,1255610,66137,0
49246411,22225,17029916,393829,25015,27395460,7,278504,1985,1
68411628,4215,19337973,108046,782499,297146611,4,21919,687,0
118707702,10228,9538075,165711,54900,76251071,72,118791,15098,0
467670966,38826,347013964,1956639,601012,306310424,26,918617,10865,0
68189858,14429,15853723,71513,573,4189925,44,521658,66669,0
439049524,57496,378728492,2017344,6706,1774594,44,568549,7313,0
169574765,46212,64115813,532711,16172,29701332,72,1488185,3414,1
740409304,140977,211251366,2171021,11019,50313512,50,1402381,1945,1
493699616,78449,308466086,3407408,49022,43620157,15,1344159,63,0
1356969354,184465,910676,22351,81626,401420595,7,2258367,147,1
708615717,87957,258358932,749483,42200,62179337,38,1526884,12541,0
110101642,13672,381825698,3084540,590600,1314262368,10,384085,1326,0
115406939,11617,267348363,3146913,63600,401260794,13,249490,1048,0
537523729,71149,366197654,2942916,25914,103430758,98,1833030,2678,1
72380469,32141,2630153,52698,1049,4244746,4,50640,19,1
630863087,164540,93297998,924489,2782,9867664,34,1411636,1753,1
159876075,8225,36524769,320572,3716,14846248,14,595774,73,1
289013053,32179,256030564,6371436,106500,358391850,29,1479802,279,1
407701213,93838,151055875,1970235,62617,22493087,14,724745,10,1
365789171,47875,347981506,2544004,24502,75103695,75,3844287,8,1
164788147,23301,426336235,1881474,20700,44074315,23,1159159,27670,0
426609723,59377,21063557,222445,20366,85043400,58,791789,416,0
62323136,33941,34075392,466729,12660,25342217,6,288137,2750,1
107950388,34675,1812251,22038,30050,30673708,18,275083,15873,0
138986512,24359,266765542,1330194,89573,240950847,4,410223,609,0
13502324,3124,212073431,567112,36441,136579723,1,106448,1,0
164007720,14849,588981015,1697071,8234,18781987,1,491755,1712,0
96439278,9999,153565263,1299976,34860,208385821,6,178962,789,0
17822349,5850,23346903,555249,385700,591105266,2,143370,2,0
162889846,45505,82186979,804789,16659,49371617,1,351439,1319,1
255973824,28166,230466044,1013942,122297,333978136,30,429833,13244,0
240686521,33016,21619,626,159400,349168412,3,632580,2028,0
40415304,2509,56771181,675344,25800,3801500,10,80350,1266,0
137720938,30579,153725209,1337733,1167,950882,12,602689,9181,0
161990851,31668,187450025,1297403,9929,28786547,5,412492,576,1
416972132,75352,27881902,283314,262243,1003766991,37,791890,6452,0
196159389,21913,452999889,2998357,226305,349411180,23,360078,1944,0
269671235,93761,36399833,578718,47742,124695761,10,551470,1366,1
43940810,6918,13505487,255255,247,7067986,8,202276,47852,1
596164214,158639,207640042,2700851,71731,155192084,30,2303064,4664,0
161366691,18781,167537164,1497169,133300,286891984,22,479047,918,0
64860954,8481,30204546,157044,42288,462395885,53,885647,26994,0
185362995,19981,315331221,3732558,1115600,1309968091,43,421946,11813,0
135665686,61959,158341543,1541456,22945,98085095,67,1039383,35358,1
353815769,49237,392297415,3298273,83800,108385612,95,2962296,50623,0
63725545,28846,17655608,162513,200,243757,5,386729,42,1
50098085,29986,30556463,330529,6120,9089105,40,280974,1160,1
463970393,92879,130269657,1671937,5289,1309847,46,793274,10816,1
70664645,13324,246582532,3314166,26400,69529104,1,84153,706,1
417616725,59548,498382704,2551106,2466,9984519,53,3449652,27541,1
35900099,17596,3551154,60217,43374,45531637,5,93958,782,1
486647778,83294,239866189,2910072,78646,147581751,6,3817868,2226,0
129370457,14028,137242871,910371,8604,100106095,8,350394,851,0
110533607,40021,7522346,53344,32406,54432181,12,269055,8656,0
277393068,103470,932111,15329,833,6843990,73,772897,4738,1
178750521,76739,33772398,478840,13400,88268263,7,337335,32,1
104618147,5815,49859367,2196731,88400,21112856,1,120750,124,0
76516847,14310,865812768,3458107,7543,4319903,3,198643,107,1
1102322992,191719,98389487,1056464,35675,243179588,88,3413462,853,1
215492373,91317,291742629,2585653,5685,64559724,36,2951859,48571,0
260183209,36176,64169463,486007,106827,295540554,31,626257,15877,1
38630486,5868,929048943,4745876,395153,67416406,7,151419,328,0
680431508,107585,179781280,1878811,240088,249432966,111,2298173,36342,1
721771477,182518,459189834,3603381,57977,78341646,73,2085087,9268,1
390498074,113725,85842981,807191,103312,268907515,37,835203,7530,1
433429705,47966,108280492,418212,404913,273205308,33,667963,44492,0
132653623,15227,51695313,709774,23486,65838521,40,434881,71387,0
293017219,21333,220479914,1074637,152800,228557824,1,653919,13,0
151179942,30909,71184530,866717,81501,617882237,9,2567736,444,0
204337911,29832,640084081,3105166,332100,157858644,9,1005751,280,1
147537573,17322,13918496,120215,16923,68517237,46,477464,45181,0
66617153,34503,29347420,343023,64508,139786101,11,393975,73533,1
398779586,38061,784193659,2659427,38259,22158832,18,2086078,7551,0
104411097,51535,128163786,1321268,25400,64467510,19,382012,6187,1
102643968,11419,64931319,1474575,56783,432572281,7,288636,22946,0
44231951,7286,549781386,5379716,35,29422,17,137205,301,0
25898720,17854,21808363,173005,6354,16324229,30,317600,413,1
87001628,30898,20680259,263409,269738,566961428,25,845534,4472,1
265040914,45783,103282847,1061969,30239,131770714,47,986619,27632,1
387094388,61560,439612099,2226916,57422,81826396,16,631168,664,1
315997441,104490,392128653,3960133,24251,54727766,63,1622468,3453,0
419557907,58857,60022490,600320,458353,1034246968,121,1881817,77964,0
732651478,76941,511428536,5924267,1005996,663477196,37,1350264,198,0
318061543,75726,44097619,664394,209608,300555534,4,284740,99,0
58594676,4863,51423861,642905,161312,539493388,16,163905,8512,0
597167984,106817,229946161,2833259,829396,1101118641,84,2571189,2107,1
2574126,400,1033803791,4709012,158,2785871,4,17003,150,0
58048453,6562,67978137,688436,86755,51771253,9,118130,518,0
166942258,24993,23143608,205874,8410,39481015,26,1172656,62922,0
234889039,106769,121584355,1028988,116976,118304933,12,754490,224,1
64562541,14704,63051891,588504,28159,38123007,11,262393,1310,1
130784398,51124,36578844,497282,6745,32710454,10,222376,725,0
623201391,89059,221457313,1349006,10462,10583591,57,2434197,14634,1
238027193,60128,79782493,1147086,5653,13194733,16,340905,8,1
254979267,50550,234785367,2333652,56460,76024269,86,961364,46258,1
152564352,10841,179053648,1433419,152500,34263765,10,170858,30,0
113402349,14752,69436829,416921,34800,32900841,15,471584,14160,0
481414844,93752,324947792,2954295,9,258300,36,3371435,21097,0
305231016,27465,647042101,3851962,63528,130611371,10,667427,20,0
11328011,1389,30326697,282371,1804,165220930,8,186737,513,1
69041864,10118,27951941,273780,13519,57013361,31,877878,44,0
499764238,79594,100443510,1071510,86986,438475493,3,1822950,114,0
43078993,31275,10699230,123634,134000,306310318,9,128246,3645,1
119853822,19565,37691895,577863,5020,47259081,41,800498,81324,0
194955459,27767,918297076,3387075,10560,19949350,39,608684,1953,0
66553836,11570,33759085,174360,85785,101413456,5,133037,1632,1
302419750,54906,369321004,2498223,61167,64070340,25,2070955,10909,0
95952617,10516,259567120,4792675,94849,745339618,7,203035,1906,0
99037719,22065,183585531,1079875,15596,21367061,7,470384,43,1
112730335,14089,60693447,1433258,99500,205967218,5,118065,216,0
198573138,71523,63795996,496579,134785,279168145,25,451842,855,1
130902100,56267,24521973,347778,75,505539,29,555191,3981,1
153213678,70131,66414830,840510,105736,648833938,8,642918,1242,1
53969524,4597,33219103,317942,8208,4711140,30,470221,25988,0
21970517,11053,455300901,1789364,187100,433329532,17,2938941,11,0
164856432,76735,13263610,131789,620,1806528,10,473453,393,0
154250706,31969,284578688,1844499,48300,57372493,20,435928,1699,1
366268077,40643,1013772791,3053038,416000,600274227,28,2925079,4484,0
146709792,28310,321931791,1362201,216003,539098923,14,854741,5698,0
115237552,9312,243509528,5870222,12395,51526563,2,270240,834,0
137924605,30692,192748584,1699888,80511,142222723,26,748828,72494,1
25149668,13174,406717108,1567948,242400,987819837,17,2098943,282,0
126879048,19994,26943448,151763,1427,389534,25,199309,9665,1
296469547,71250,39687605,346501,2084,2575024,10,340817,808,1
410897040,71655,428412819,3256737,15791,79348588,37,2764964,5585,1
50471076,29417,6874694,138715,1161,2893271,19,437498,6190,0
104493081,40264,4214887,50258,6920,33784807,14,722782,15281,1
15336055,4793,3725312,104259,142,13261497,18,181059,81755,1
274559147,28733,225016104,1056037,18000,98720581,7,592764,11,1
261275106,28281,212525130,1350970,384326,582712801,13,237547,1660,0
48556312,18674,3006021,43340,631,4098401,5,94446,154,1
582549538,89956,231140951,2179847,101201,93392003,10,2288366,51559,0
92424493,45053,9282240,161536,22813,120998374,22,314486,14373,1
228003109,58288,106513804,755609,234800,548393169,29,910638,14998,0
557775679,78471,174422564,1250134,55769,184569148,35,4162674,367,1
81632951,14438,10815357,155660,6047,42031379,6,500124,13292,0
307125680,37085,23958351,115841,82568,91548493,5,170053,1612,0
147688885,45526,27720116,202844,4828,12548958,11,541833,134,1
118689822,21235,45565540,435913,62500,215516634,17,227408,3615,1
136878823,44098,46128261,705084,21940,17208694,10,164132,817,1
261975922,21887,134202748,1512168,199453,146849902,14,240426,512,0
363510259,62841,45636634,615650,98763,907351760,51,663298,12357,0
88524099,26884,25881919,309105,1897,15122285,14,828611,124,0
97902676,29131,201368546,3657987,292,334079,7,401243,2981,0
433074753,46083,733383572,3063277,90882,271273148,20,2169286,3824,0
102703448,10682,390456652,2179957,14289,46539050,3,89564,373,0
56645454,39890,9185128,133475,16025,75363545,4,306300,3089,0
148855365,68961,21320423,302697,54045,164949728,9,719356,16726,1
392308500,47157,559183696,3199782,149092,93606502,21,1212362,789,0
200895335,76844,35120030,692065,9426,113665392,28,330838,8857,1
361382812,27358,607728749,5763424,45456,277620586,32,392812,1147,0
225260644,51066,75234764,918947,35536,55987733,11,357955,3,1
138987928,27997,56123070,521760,82593,125057113,1,952142,33,0
15885603,5781,9303252,103569,26380,17072834,4,692423,49615,1
15085389,1102,259533,2536,659400,16745620,8,25910,14,0
595930584,153078,47780609,656845,14062,37094174,27,903716,18,1
219008713,75763,45087615,436734,18678,99452041,38,618189,4525,1
556176640,86180,53515473,406554,59652,203313460,21,478489,48,1
140194014,16841,180515322,910440,32900,80078422,12,196568,877,0
836986096,185976,348950018,2261189,27380,87179494,90,2984024,16944,1
350440369,24886,92967556,709386,52200,128910215,11,264907,21,0
130356067,36554,47933349,701867,392301,912236577,12,2634134,1356,0
224163089,45837,250952705,1213244,168782,443031452,43,1206078,16408,1
379518360,101883,127485188,2075278,289937,653804560,26,575207,3011,0
121386649,17170,36712138,1221832,136234,399701698,25,232347,25855,0
633631183,43387,445027001,5513277,13920,118002159,50,36891,77909,1
98108741,40658,67381975,1403327,24543,140878884,14,451491,51359,0
49155460,20079,55753855,819754,535200,1079671427,7,1377954,1291,0
885986482,82322,221704345,2249771,17847,39158457,76,2767586,46352,0
630875899,83848,245967184,2535205,81557,45789592,68,2215820,4056,0
510136819,76921,201406793,2593226,159509,202031125,5,1643067,50,0
110759507,16068,4697020,13304,434400,607056384,7,515430,3358,0
7383901,4008,351810237,1815957,22200,87012540,1,299561,157,0
231298627,49800,109250541,862054,711209,1133546129,24,1241539,1016,1
584357975,45274,766215457,3618074,20714,56940681,28,1326169,10452,0
101094621,22493,133295365,1087349,42102,23580335,2,338559,7,1
460008347,82329,370078966,3950188,19061,46078194,43,1215795,6949,0
58284482,7247,79995263,436574,297604,281657688,1,507081,1561,0
220250463,46098,28716329,313494,3275,36501469,103,957417,47231,0
125943110,14415,133114572,2137723,55724,249544778,7,340269,1516,0
18611163,6073,59202833,551627,1100000,1032933643,1,199485,52,0
247133830,55046,159846081,855877,123897,423731008,43,611867,3671,0
111369377,60104,100696513,1725109,365,198631,4,166343,108,1
96922687,25703,22161743,344869,16627,23536012,19,213968,26789,1
99237146,7075,113013875,1174863,784,233947,6,125330,125,0
582595821,71602,212809052,1189005,88219,121455982,44,1294402,17361,0
68965021,11956,25701096,259974,402011,718409133,5,437612,2386,1
154120297,30813,152723183,900381,645100,204594753,33,802018,6010,1
291244404,103342,41936586,623466,49800,181718624,3,361371,117,1
619655619,78265,324660885,3726146,42097,42240263,46,2220972,2061,1
968810827,177742,336220628,2996719,14336,47328081,22,3522400,67246,1
653490628,122994,97882796,935978,98865,314775951,53,1896071,2194,1
14566339,6708,173493536,555196,241540,166606107,7,989901,1067,0
342872540,67188,27027629,793123,233511,850439402,10,611661,72,0
728140057,201363,251014567,3365976,197935,918538689,39,2451463,2120,0
601202311,140105,183455907,1802273,20378,75889595,16,1084361,42,1
78855298,11118,6408371,103541,164,1578390,9,137222,12221,0
789300127,189360,371080713,2632037,113602,378996312,58,2754603,2260,1
255776823,52690,135880617,1184950,5158,13186028,18,487907,146,1
76323780,15631,82546258,937660,813,2356835,6,368216,7051,0
370693139,52213,354158650,2481689,53260,36764105,54,3017513,30350,1
101903591,22437,16541095,130658,3306,7751938,29,480582,17454,0
232985667,43893,244041337,1787933,24758,165904891,19,260024,1790,0
125451295,28417,26092583,192904,76700,154830607,18,287570,6674,0
56051407,25464,47664500,494147,19091,31039886,10,496329,7482,1
71915713,6180,611609157,2544961,9284,13591360,10,127483,1872,0
45238166,6057,8478416,174490,3854,10260065,18,321401,35241,1
65870686,22047,4154083,48490,135,405415,4,62951,217,1
128669257,25684,142184505,819929,338500,237360091,9,658283,9363,0
144026886,13457,112805596,2145090,70700,369994690,3,315158,859,0
352268839,130479,37251936,317013,143448,135688880,67,2307798,23074,0
257646451,58760,394204600,5104881,308772,854952373,13,1407757,40,1
233582276,70988,35114944,551931,14725,13572005,9,530477,2731,1
140228805,21115,48488768,452737,139570,260750327,8,190480,2539,0
90838757,22248,203958899,721936,10328,19777868,9,332021,14924,0
35549029,5590,57756889,205111,135300,119204623,10,28280,8,0
70601620,32101,7241759,93111,20794,21009932,10,356684,1375,1
223341848,34131,12260201,167404,3e+05,589269507,3,1622902,262,0
64530857,5436,68842793,1133609,7921,148059935,9,136977,1597,0
96288883,37394,8545326,113402,1928,2917500,10,190951,278,1
563467499,38743,1000321872,4630509,332335,490277819,22,1934884,4626,0
500565437,74725,644380652,4455611,43604,217482856,3,995726,1789,0
126063862,10150,129157973,401990,313900,650000898,4,97522,56,1
216298810,39605,38256899,252379,31347,46029571,15,360437,5130,1
73821370,23298,12303071,190206,287,2237426,8,241298,3622,0
41808541,7802,491827513,3638561,28899,39966761,4,1458244,5,0
646744185,131213,161578216,1576117,8999,25055075,44,1564987,1231,1
476546062,81971,411585032,2754105,112983,81330455,130,2262525,323,1
435823355,34658,284536285,3411827,565243,1021702238,27,733704,1664,0
149351877,15576,365670176,5075644,72976,60033835,10,137705,170,0
189058129,36943,390278119,3350958,1647,7761272,31,268333,928,0
405331822,28057,773003656,2296316,14540,10345597,9,718484,3748,0
189969086,27387,474789534,3191466,778532,252838869,42,601436,4856,0
173193166,12129,643258603,3362426,54100,57212956,13,259241,1288,0
57174683,12634,277032840,1310994,38500,88201634,4,1826014,1974,0
304588030,27312,536055555,5342216,16993,48485307,41,661261,6750,0
199248929,60481,261079023,2146409,609586,713540521,8,1423575,2,1
531877344,113502,887185779,5742922,240175,478863160,21,3832905,26,1
529175442,63348,352484517,2091823,1019151,102987831,44,2849471,17888,0
36157546,14837,2802960,43834,124990,237070526,13,456093,3060,0
380785241,31820,236863842,1710700,229768,288771523,24,439148,703,0
662057533,59739,55391583,447166,106500,451630379,53,659091,23703,0
176970541,12080,11719848,167779,34187,50830371,10,116655,1260,0
120491749,8494,118976231,658718,110713,64087674,6,48025,547,0
404073512,42797,328021225,1916957,51604,101301634,9,1254798,48,0
176048317,70149,27753856,516329,118,571049,37,298734,5256,1
333792226,59316,82079675,2306717,82676,536488373,80,1758003,22576,1
234838690,72603,46543188,628770,15008,23557281,14,687210,14,1
231523576,35530,173364125,1394374,2235,2321734,31,697492,16600,0
599318070,101794,115314262,913087,28876,48083562,64,2694476,5509,1
156697759,69258,59647655,736873,21014,54292475,40,1065106,26638,1
285039741,8884,80959733,5337877,151700,528452231,14,187778,1864,0
89806639,41371,55825164,2131185,12094,49727704,21,303787,172,1
365062854,18085,893949453,3847991,69294,109160109,20,501725,1956,0
128484709,57396,2575615,23097,85204,113176445,14,281240,11734,1
112162450,16616,35498149,286497,198818,158972578,5,194158,88,0
59038013,22057,67576838,510771,131279,549768980,16,969319,81752,1
205110323,21243,371693639,6571826,85629,550643662,18,336074,1889,0
41071094,14309,332271837,2651163,256849,772766174,3,1266792,789,0
234126191,47086,409564436,2500771,140889,88814154,68,654623,3114,1
350738636,29760,154323126,1697768,214500,351428481,42,571685,19998,1
223426639,36161,135822239,1770582,83501,422027661,6,538337,2526,0
128411645,25190,86561302,1275303,17467,112331903,23,1227296,210,1
36975805,2385,87923967,442748,233053,724187108,1,67313,1797,0
66274186,17090,17411507,366440,1451,4607495,8,213711,415,1
680707791,87833,48297331,611115,43653,184535006,43,4213597,49001,1
593718503,73008,229847460,2270041,460911,728210556,35,1246464,13279,1
118934988,14432,528359923,4933066,38800,132642128,14,430420,62,0
160979905,23825,280111313,2138306,508032,1074096649,20,2000620,49231,0
461892532,69326,175821589,5873880,76587,123540119,94,1143845,19138,0
353038338,64001,309458776,4303644,20311,38818268,7,521339,203,0
108748134,8561,900050812,4918218,114,331691,4,203282,721,0
650511999,47448,795920437,4151098,162505,60797733,56,2233388,10134,0
229232959,68879,46890832,889875,51484,61564975,19,289269,133,1
172321571,38159,441247,5740,23200,164453741,46,615432,16471,0
347754650,77541,262512471,1713131,120875,44191712,17,923983,918,1
315697428,27166,1033104472,6459847,319300,61451981,84,1966828,6723,0
583209382,66332,561013544,4030692,56188,187698778,27,1385244,931,1
122999909,24570,16644597,357403,282,697596,23,507011,279,0
211596324,92484,95279761,1240432,67607,296502190,3,958743,77,1
63083021,18060,5393767,65609,53,32457,13,157934,5949,1
225962467,76523,25819662,466288,313258,421102345,10,1627617,248,0
485274842,65140,257045287,2076627,151922,96188508,76,1227531,212,0
59629684,29361,5737464,71512,84,889338,22,302804,12731,1
285851797,41294,658375389,2669794,6817,15966689,16,764140,3073,0
42735162,6811,152880323,477528,75900,55394779,4,602369,2043,0
377242486,42233,46848683,1141593,80961,224312083,21,224414,4931,0
25822176,15387,7041124,127998,4034,31061916,8,312177,250,0
305049963,65770,149247747,1397590,48370,143934379,3,656337,6,1
189972685,72066,201027333,1081402,7596,36849005,19,1135998,204,1
255740653,32138,866300755,3826829,78000,70196388,11,767006,2083,1
